{"background": [0, 0, 0, 0], "meshes": {"Cube.002": {"verts": [[-1.0, -1.0, -1.0], [-1.0, -1.0, 1.0], [-1.0, 1.0, -1.0], [-1.0, 1.0, 1.0], [1.0, -1.0, -1.0], [1.0, -1.0, 1.0], [1.0, 1.0, -1.0], [1.0, 1.0, 1.0]], "normals": [[-0.5773502588272095, -0.5773502588272095, -0.5773502588272095], [-0.5773502588272095, -0.5773502588272095, 0.5773502588272095], [-0.5773502588272095, 0.5773502588272095, -0.5773502588272095], [-0.5773502588272095, 0.5773502588272095, 0.5773502588272095], [0.5773502588272095, -0.5773502588272095, -0.5773502588272095], [0.5773502588272095, -0.5773502588272095, 0.5773502588272095], [0.5773502588272095, 0.5773502588272095, -0.5773502588272095], [0.5773502588272095, 0.5773502588272095, 0.5773502588272095]], "faces": [[1, 2, 0], [3, 6, 2], [7, 4, 6], [5, 0, 4], [6, 0, 2], [3, 5, 7], [1, 3, 2], [3, 7, 6], [7, 5, 4], [5, 1, 0], [6, 4, 0], [3, 1, 5]]}, "Cube.003": {"verts": [[-1.0, -1.0, -1.0], [-1.0, -1.0, 1.0], [-1.0, 1.0, -1.0], [-1.0, 1.0, 1.0], [1.0, -1.0, -1.0], [1.0, -1.0, 1.0], [1.0, 1.0, -1.0], [1.0, 1.0, 1.0]], "normals": [[-0.5773502588272095, -0.5773502588272095, -0.5773502588272095], [-0.5773502588272095, -0.5773502588272095, 0.5773502588272095], [-0.5773502588272095, 0.5773502588272095, -0.5773502588272095], [-0.5773502588272095, 0.5773502588272095, 0.5773502588272095], [0.5773502588272095, -0.5773502588272095, -0.5773502588272095], [0.5773502588272095, -0.5773502588272095, 0.5773502588272095], [0.5773502588272095, 0.5773502588272095, -0.5773502588272095], [0.5773502588272095, 0.5773502588272095, 0.5773502588272095]], "faces": [[1, 2, 0], [3, 6, 2], [7, 4, 6], [5, 0, 4], [6, 0, 2], [3, 5, 7], [1, 3, 2], [3, 7, 6], [7, 5, 4], [5, 1, 0], [6, 4, 0], [3, 1, 5]]}}, "objects": [{"mesh": "Cube.002", "transform": [0.2611326575279236, -0.127430722117424, 0.24593639373779297, -0.4372525215148926, 0.1961451917886734, 0.3237253427505493, -0.04052821174263954, 1.3363971710205078, -0.195577010512352, 0.15452146530151367, 0.28772610425949097, 0.3466920852661133, 0.0, 0.0, 0.0, 1.0], "material": "Material"}, {"mesh": "Cube.003", "transform": [0.11804074048995972, -0.26181650161743164, 0.2498641014099121, -0.4372525215148926, 0.1118355244398117, 0.276343435049057, 0.23672914505004883, -1.3120713233947754, -0.34419873356819153, 0.0, 0.16260628402233124, 0.3466920852661133, 0.0, 0.0, 0.0, 1.0], "material": "Material"}], "lights": [], "materials": {"Dots Stroke": {"Diffuse": {"color": [0.800000011920929, 0.800000011920929, 0.800000011920929, 1.0], "adsorption": 0.5}}, "Material": {"Diffuse": {"color": [0.800000011920929, 0.800000011920929, 0.800000011920929, 1.0], "adsorption": 0.5}}, "Material.003": {"Diffuse": {"color": [0.800000011920929, 0.800000011920929, 0.800000011920929, 1.0], "adsorption": 0.4000000059604645}}}, "camera": {"fov": 1.5707963267948966, "aspect_ratio": 1.77, "znear": 0.10000000149011612, "zfar": 100.0, "transform": [0.6859206557273865, -0.32401347160339355, 0.6515582203865051, 7.358891487121582, 0.7276763319969177, 0.305420845746994, -0.6141703724861145, -6.925790786743164, 0.0, 0.8953956365585327, 0.44527140259742737, 4.958309173583984, 0.0, 0.0, 0.0, 1.0]}}
